food_item_name,calories_per_plate
Grilled Spanish Burger,223
Smoky Chinese Salad,380
Grilled Spanish Risotto,244
Glazed Japanese Waffle,875
Spicy Mexican BBQ,525
Icy Mexican Soup,272
Steamed Indian Pancake,813
Grilled Turkish Salad,478
Tangy Vietnamese Soup,666
Roasted American BBQ,268
Icy French Paella,549
Steamed Italian Pancake,349
Roasted American Risotto,695
Savory Japanese Wrap,141
Rich Middle Eastern Soup,236
Hot American Tacos,202
Roasted Indian Burger,910
Savory Lebanese Dumplings,967
Steamed Chinese Paella,747
Icy Thai Tacos,727
Grilled Mediterranean Biryani,485
Savory Turkish Lasagna,896
Glazed Lebanese Burger,261
Spicy Lebanese Curry,116
Fried Argentinian BBQ,1000
Rustic Vietnamese Grill,598
Grilled Mediterranean Wrap,182
Marinated Korean Curry,106
Creamy Vietnamese Risotto,107
Tangy Middle Eastern Steak,283
Hot Greek BBQ,191
Smoky Mediterranean Pancake,823
Savory Indian Pasta,767
Rustic American Pasta,707
Sweet Middle Eastern Tacos,390
Icy Thai Dumplings,526
Rich Mediterranean Wrap,810
Grilled Brazilian Risotto,926
Spicy French Paella,911
Crispy Japanese Salad,891
Savory Caribbean Curry,587
Roasted Brazilian Sandwich,808
Glazed Indian Paella,229
Marinated Greek Waffle,311
Fried Italian Grill,246
Sweet Brazilian Pasta,755
Marinated Mediterranean Pancake,377
Steamed Argentinian Burger,635
Glazed Mediterranean Biryani,561
Fried Japanese Waffle,521
Tangy American BBQ,344
Tangy Vietnamese Wrap,278
Sweet Korean BBQ,725
Creamy Argentinian Steak,808
Rich Indian Paella,138
Rich Argentinian Waffle,710
Marinated Italian Dumplings,284
Marinated Mediterranean Wrap,834
Rich Italian Risotto,611
Hot Thai Pancake,726
Crispy Korean Sushi,190
Creamy Middle Eastern Soup,742
Smoky Argentinian Pasta,946
Roasted Mexican Biryani,901
Smoky Japanese Dumplings,408
Icy Greek Biryani,456
Icy Moroccan Wrap,528
Rich Italian Pasta,104
Spicy American Dumplings,671
Marinated Japanese Sushi,341
Tangy Moroccan Steak,296
Roasted Moroccan Biryani,220
Fried Mexican Sandwich,642
Steamed Spanish Pasta,197
Tangy Japanese Pancake,733
Hot American Steak,470
Rustic Turkish Waffle,983
Spicy Korean Dumplings,879
Tangy Mexican Pancake,652
Sweet Turkish Pizza,619
Zesty Spanish Pasta,324
Creamy French Pasta,575
Spicy Thai Pasta,888
Icy Japanese Pancake,741
Rich Middle Eastern Pasta,775
Herbed Argentinian Risotto,313
Marinated Vietnamese Dumplings,383
Crispy Brazilian Paella,154
Fresh Indian Sushi,298
Glazed Chinese Steak,215
Fresh Moroccan Tacos,915
Glazed Middle Eastern Soup,252
Marinated Mediterranean Pizza,801
Rich Moroccan Sushi,964
Fresh Brazilian Sushi,585
Rustic Argentinian Wrap,609
Spicy Italian Paella,280
Zesty Mexican Pasta,263
Grilled Caribbean Waffle,786
Fresh Indian Pancake,144
Herbed Turkish Dumplings,155
Fried Caribbean Grill,760
Creamy Turkish Sandwich,472
Icy Japanese Salad,391
Fried Moroccan Pasta,314
Smoky Chinese Biryani,545
Savory Greek Biryani,357
Fried Mexican Pancake,442
Glazed Mexican Grill,731
Savory Moroccan Soup,924
Fried Moroccan Dumplings,876
Smoky Japanese Tacos,564
Grilled Mexican Biryani,144
Savory Moroccan Dumplings,206
Herbed Middle Eastern Sushi,858
Grilled Argentinian Lasagna,153
Grilled French Steak,650
Sweet American Dumplings,280
Rich Thai Salad,261
Icy Thai Burger,904
Savory Spanish Risotto,129
Creamy Argentinian Salad,596
Crispy Korean Biryani,627
Roasted Greek Soup,218
Savory Middle Eastern Curry,172
Rustic Lebanese Sandwich,340
Smoky Vietnamese Biryani,838
Sweet Thai Waffle,555
Roasted Thai Burger,706
Roasted Chinese Biryani,693
Rustic Korean Risotto,433
Icy Argentinian Salad,529
Steamed Korean Sushi,303
Creamy Moroccan Biryani,865
Glazed Turkish Sushi,793
Zesty French Curry,433
Creamy Vietnamese Curry,335
Roasted Thai Risotto,897
Creamy Korean Curry,212
Smoky Moroccan Grill,433
Fried Korean Dumplings,333
Rustic Turkish Salad,200
Herbed French Curry,342
Zesty Korean Pizza,855
Icy Italian Waffle,522
Icy Mexican Steak,990
Steamed Middle Eastern Wrap,304
Creamy Caribbean Risotto,484
Spicy Thai Grill,325
Steamed American Tacos,175
Icy Chinese Wrap,582
Tangy French Burger,699
Steamed Mexican Wrap,596
Creamy Brazilian Salad,155
Zesty Indian Sushi,546
Smoky Greek Soup,248
Rich Thai Sandwich,321
Smoky Thai Grill,724
Spicy Mediterranean Lasagna,565
Herbed Brazilian Salad,282
Hot Argentinian Wrap,496
Spicy Korean Steak,482
Creamy Japanese Risotto,239
Hot Caribbean Risotto,568
Tangy American Pasta,837
Fresh Mediterranean Curry,298
Grilled Japanese Sushi,747
Herbed Vietnamese Grill,467
Rustic Lebanese Grill,376
Rich Middle Eastern BBQ,307
Sweet Japanese Biryani,443
Sweet Turkish Pasta,230
Smoky Indian Sandwich,132
Spicy Japanese Burger,808
Icy Middle Eastern Tacos,682
Grilled Indian Soup,161
Tangy Vietnamese Waffle,387
Herbed Lebanese Dumplings,239
Creamy Argentinian Burger,213
Roasted Indian Salad,972
Sweet Argentinian Wrap,576
Rustic Mexican BBQ,569
Hot American Pancake,528
Icy Indian Lasagna,275
Spicy Lebanese Sandwich,878
Sweet Caribbean Paella,451
Fresh Turkish Paella,325
Smoky Brazilian Pasta,402
Rich Greek Pizza,718
Icy Turkish BBQ,260
Glazed Turkish Risotto,908
Fried American Dumplings,913
Savory Indian Burger,753
Zesty Vietnamese Lasagna,726
Tangy Mediterranean Sandwich,274
Rustic Turkish Pancake,691
Rustic Vietnamese BBQ,666
Smoky Greek Lasagna,975
Fresh Japanese Sushi,335
Fresh Middle Eastern Waffle,188
Marinated Indian Sushi,521
Zesty Spanish Pizza,977
Fried Italian Pizza,634
Glazed Vietnamese Sandwich,600
Spicy Middle Eastern Sushi,982
Icy Vietnamese Paella,321
Icy Mediterranean Grill,705
Smoky Vietnamese Lasagna,584
Roasted Moroccan Salad,957
Tangy Greek Tacos,573
Fresh Moroccan Risotto,385
Glazed Lebanese Waffle,114
Marinated Moroccan Paella,847
Creamy French Wrap,538
Rich Spanish Wrap,853
Herbed Caribbean Pizza,993
Hot French Paella,352
Smoky Lebanese Steak,353
Herbed Italian Dumplings,435
Crispy Chinese Pizza,544
Fresh Lebanese Dumplings,693
Icy Lebanese Pancake,327
Savory Spanish Sandwich,705
Icy Vietnamese Risotto,252
Rustic Moroccan Pancake,687
Tangy Vietnamese Burger,105
Hot Brazilian Curry,527
Roasted Caribbean Paella,145
Steamed Korean Paella,141
Roasted Spanish Grill,581
Crispy Spanish Pasta,851
Steamed Spanish Curry,887
Creamy Greek Soup,616
Spicy Middle Eastern Grill,134
Icy Argentinian Tacos,535
Steamed Turkish Dumplings,643
Sweet Thai Pasta,503
Crispy Caribbean Risotto,590
Rich Turkish Sandwich,929
Zesty Chinese Risotto,917
Tangy Turkish BBQ,813
Spicy Indian Burger,941
Savory Caribbean Soup,200
Steamed Indian Wrap,563
Rich Italian Soup,607
Marinated Mexican Sandwich,346
Crispy Thai BBQ,185
Savory American Curry,671
Hot Moroccan Sushi,871
Tangy Vietnamese Pancake,112
Tangy American Pizza,809
Fried French Salad,849
Roasted Mexican Waffle,516
Herbed French Burger,323
Fried Greek Sushi,235
Fried Korean Pasta,467
Zesty Vietnamese Steak,402
Fresh Lebanese Pizza,344
Creamy Middle Eastern Curry,763
Crispy Argentinian Burger,192
Icy Thai Wrap,116
Hot Japanese Soup,591
Zesty Brazilian Salad,785
Zesty Caribbean Soup,412
Herbed Japanese Burger,265
Rustic Indian Tacos,820
Sweet Mediterranean Pizza,570
Tangy Thai BBQ,978
Smoky Mediterranean Soup,684
Rich Italian Dumplings,865
Steamed Korean Pizza,697
Hot Italian Burger,124
Smoky Greek Burger,565
Roasted Caribbean Wrap,574
Savory Middle Eastern Soup,890
Rustic Lebanese Wrap,241
Savory Moroccan Curry,995
Grilled Argentinian Grill,820
Fresh French Waffle,515
Icy American Pancake,289
Fried Moroccan Soup,908
Crispy French Dumplings,992
Crispy Chinese BBQ,479
Spicy Thai Tacos,741
Rich American Lasagna,575
Spicy Korean Salad,820
Rustic Thai Sushi,748
Rustic Thai Soup,101
Tangy Turkish Salad,981
Spicy Vietnamese Grill,742
Fresh Greek Pasta,172
Hot French Sushi,494
Icy Lebanese Burger,807
Tangy Italian Burger,440
Steamed Brazilian Burger,643
Creamy Mexican Biryani,133
Zesty Thai Burger,403
Rich Middle Eastern Lasagna,536
Tangy Indian Pizza,870
Roasted Thai Sushi,376
Crispy Caribbean Pizza,814
Grilled Italian Curry,727
Sweet Thai Pizza,655
Herbed Brazilian Pancake,689
Marinated Korean Wrap,913
Grilled Chinese Risotto,312
Rustic American Pancake,906
Marinated Argentinian Dumplings,801
Spicy Chinese Sandwich,182
Zesty Indian Burger,735
Fresh Mediterranean Burger,443
Savory Italian Burger,853
Crispy American Pasta,156
Herbed Argentinian Lasagna,627
Fried Caribbean Pancake,790
Zesty Middle Eastern Sushi,472
Rustic Spanish Sandwich,152
Rich Indian Sushi,213
Glazed Spanish Dumplings,492
Smoky Italian Biryani,474
Glazed Spanish Biryani,576
Fried Middle Eastern Dumplings,733
Tangy Caribbean Burger,141
Zesty Indian Wrap,474
Crispy Japanese Pancake,475
Creamy Thai Waffle,279
Spicy Argentinian Wrap,763
Zesty Japanese Soup,672
Marinated Turkish Sandwich,821
Zesty Middle Eastern Pizza,168
Hot Indian Burger,674
Tangy Middle Eastern Pizza,826
Grilled Korean Lasagna,892
Glazed Turkish Curry,309
Icy Chinese Sushi,241
Rich Lebanese Wrap,442
Crispy French Risotto,344
Grilled Indian Sushi,652
Grilled Japanese Lasagna,216
Icy Mediterranean BBQ,764
Tangy Argentinian Grill,589
Roasted Moroccan Sandwich,855
Spicy Argentinian Salad,870
Icy American Tacos,694
Sweet Italian Steak,992
Rich Caribbean Grill,819
Roasted Moroccan Sushi,314
Rich Moroccan Waffle,871
Roasted Greek Lasagna,862
Roasted Argentinian Grill,879
Tangy Brazilian Pizza,330
Rich Spanish Waffle,428
Herbed French Biryani,461
Rustic American Lasagna,373
Zesty Italian Paella,615
Rustic Turkish Dumplings,796
Steamed Moroccan Curry,533
Crispy Indian Biryani,383
Rustic Turkish Risotto,155
Rich Japanese Tacos,164
Fried Brazilian Salad,481
Glazed French Dumplings,453
Crispy Moroccan Waffle,563
Savory American Dumplings,597
Fresh Mexican Paella,613
Grilled Lebanese Waffle,639
Herbed Middle Eastern Wrap,949
Fried French Paella,225
Spicy Mediterranean Soup,581
Crispy Chinese Paella,826
Marinated Japanese Waffle,644
Zesty Lebanese Pancake,794
Marinated American Curry,945
Fried Greek Grill,645
Sweet Caribbean Steak,399
Sweet Caribbean Salad,562
Hot Chinese Grill,735
Creamy Greek Grill,476
Spicy Vietnamese Tacos,919
Glazed Mexican Lasagna,789
Hot Indian Steak,809
Grilled Greek Dumplings,928
Rich French Pancake,167
Zesty Vietnamese Pancake,292
Smoky Middle Eastern Biryani,568
Creamy Lebanese Grill,189
Herbed Korean Sushi,182
Zesty Thai Sushi,500
Tangy Mexican Wrap,283
Fried Mediterranean Risotto,395
Glazed Brazilian Pancake,178
Marinated Thai Biryani,211
Creamy Mediterranean Soup,268
Hot Italian Curry,382
Fresh Lebanese Burger,214
Marinated Mediterranean Steak,813
Rich Moroccan Pasta,251
Roasted Caribbean Steak,608
Smoky Mexican Dumplings,254
Crispy Chinese Pasta,995
Crispy Moroccan Pizza,309
Tangy Indian Lasagna,633
Icy Argentinian Biryani,742
Smoky American Tacos,123
Grilled Lebanese Curry,400
Creamy Thai Wrap,526
Steamed Argentinian Salad,798
Roasted Vietnamese Grill,654
Hot French Waffle,235
Savory Thai Risotto,585
Sweet Italian Soup,455
Spicy Korean Grill,530
Sweet Moroccan BBQ,554
Sweet Italian Wrap,855
Zesty American Risotto,760
Fried Italian Sandwich,121
Steamed Turkish Lasagna,398
Rustic Argentinian Tacos,293
Glazed Mexican BBQ,164
Fresh Turkish Soup,122
Tangy Thai Lasagna,992
Icy Japanese BBQ,921
Crispy Lebanese Risotto,337
Grilled American Burger,954
Sweet Argentinian Dumplings,632
Rich American Dumplings,760
Glazed Argentinian Risotto,443
Herbed Vietnamese Burger,521
Hot French Steak,692
Glazed Argentinian Salad,451
Roasted Indian Pizza,771
Savory Korean Biryani,761
Fried French Steak,905
Creamy Thai Soup,434
Tangy Caribbean Biryani,597
Hot American Burger,707
Steamed Korean Biryani,781
Zesty Vietnamese Waffle,813
Spicy French Lasagna,642
Fresh Moroccan Curry,962
Sweet Turkish Risotto,661
Grilled Greek Wrap,555
Tangy Argentinian Soup,568
Icy American Biryani,411
Roasted Spanish BBQ,680
Grilled Brazilian Sushi,235
Rich Italian Wrap,908
Grilled Argentinian Pizza,413
Tangy French Pancake,275
Hot American Salad,908
Smoky Middle Eastern Pizza,366
Rustic Moroccan Sushi,332
Rich Greek Steak,595
Tangy Italian Pizza,480
Crispy Korean Paella,395
Smoky French Burger,888
Rustic Vietnamese Pancake,965
Savory Indian Paella,148
Rustic Japanese Dumplings,251
Herbed Middle Eastern Pasta,461
Sweet Japanese Pizza,391
Marinated Thai Paella,566
Icy Brazilian Soup,270
Crispy Italian Burger,733
Spicy Turkish Curry,264
Crispy Italian Risotto,828
Crispy Mexican Curry,648
Herbed Mediterranean Pancake,392
Grilled Mexican Wrap,286
Icy Argentinian Sushi,279
Roasted Greek Sushi,959
Fried Thai Pizza,825
Marinated Caribbean Paella,809
Crispy Moroccan Wrap,782
Glazed Japanese Steak,913
Savory Caribbean Sushi,257
Smoky Turkish BBQ,265
Glazed American Grill,343
Steamed American Pancake,219
Sweet Vietnamese Dumplings,142
Fresh Mexican Salad,424
Rich Thai Curry,688
Smoky Lebanese Wrap,229
Rustic Moroccan Biryani,551
Spicy Moroccan Tacos,366
Hot Chinese Dumplings,478
Roasted Korean Tacos,288
Savory Thai Burger,310
Roasted Thai Salad,675
Marinated Mexican Grill,824
Steamed Korean Salad,135
Crispy Italian Tacos,781
Creamy Chinese Curry,424
Savory Japanese Waffle,452
Grilled Argentinian Tacos,251
Creamy Mediterranean Biryani,481
Sweet Japanese Risotto,559
Grilled Italian Grill,652
Glazed Spanish Pasta,266
Sweet Lebanese Soup,646
Spicy Korean Sushi,408
Creamy Caribbean Soup,224
Rich Mexican Dumplings,125
Roasted Caribbean Salad,514
Fresh Spanish Burger,611
Spicy Lebanese Wrap,886
Fried American Tacos,248
Rustic Greek Grill,569
Smoky Turkish Biryani,427
Fresh Indian Lasagna,259
Rich American Soup,104
Tangy Mediterranean Soup,856
Rich Greek Biryani,659
Grilled Lebanese Tacos,619
Smoky Argentinian Risotto,439
Smoky Thai Sandwich,762
Glazed Mediterranean Lasagna,822
Marinated Brazilian Pasta,402
Smoky Mediterranean Paella,585
Tangy Greek Pasta,396
Steamed Indian Pizza,872
Grilled Chinese Curry,687
Grilled Indian Paella,782
Savory Argentinian Wrap,250
Savory Vietnamese Grill,918
Grilled Middle Eastern Lasagna,678
Grilled Middle Eastern Sandwich,846
Steamed Lebanese Biryani,552
Zesty Argentinian Tacos,446
Rich Greek Wrap,805
Grilled Japanese Waffle,215
Smoky Spanish Dumplings,849
Spicy Vietnamese Burger,590
Spicy Argentinian Paella,141
Glazed Caribbean Steak,242
Creamy Argentinian Dumplings,794
Savory Japanese BBQ,664
Glazed Mediterranean BBQ,219
Smoky Spanish Steak,415
Savory Mediterranean Biryani,125
Icy Chinese Biryani,511
Hot American Curry,732
Herbed Indian Sushi,961
Rustic Caribbean Burger,325
Rustic Vietnamese Sushi,556
Smoky Middle Eastern Burger,465
Icy Italian Curry,194
Icy Chinese BBQ,434
Fried Vietnamese Burger,156
Creamy Mexican Burger,722
Spicy Brazilian Grill,756
Spicy Thai Risotto,299
Savory Vietnamese Wrap,697
Smoky Caribbean Pizza,639
Herbed French Steak,327
Hot Brazilian Lasagna,900
Glazed Korean Pasta,885
Crispy Chinese Wrap,384
Crispy Chinese Grill,300
Roasted American Waffle,123
Hot Turkish BBQ,185
Hot Korean Lasagna,651
Creamy French Paella,969
Grilled Caribbean Dumplings,556
Hot Mediterranean Grill,793
Smoky Moroccan Dumplings,787
Rich Middle Eastern Sushi,189
Creamy Greek Pizza,624
Spicy Brazilian Wrap,503
Grilled Middle Eastern Pancake,299
Glazed American Paella,602
Smoky Mediterranean Sandwich,425
Glazed Japanese Biryani,717
Creamy Greek Burger,719
Grilled Mediterranean Tacos,623
Grilled French Tacos,157
Glazed Lebanese Lasagna,782
Marinated Indian Lasagna,469
Fresh Argentinian Pasta,507
Fried Japanese Dumplings,251
Zesty Japanese Risotto,833
Spicy French Waffle,974
Herbed Caribbean Salad,537
Rich Chinese Pancake,478
Hot Chinese Curry,495
Glazed Lebanese Pancake,481
Savory Vietnamese Pizza,112
Hot Greek Waffle,391
Zesty Vietnamese Soup,453
Rich Brazilian Pasta,459
Grilled Moroccan Wrap,415
Rich American Risotto,556
Fried Chinese Sushi,995
Rustic Vietnamese Pasta,674
Icy Japanese Waffle,189
Icy American Lasagna,320
Rich Lebanese Curry,845
Hot Indian Salad,554
Savory Spanish Grill,859
Grilled Korean Biryani,525
Glazed Mexican Dumplings,922
Tangy Turkish Pasta,553
Savory Mexican Wrap,395
Herbed Mediterranean Soup,267
Fresh Vietnamese Waffle,925
Spicy Japanese Sandwich,845
Crispy Turkish Dumplings,534
Grilled Greek Paella,846
Fresh Japanese Pancake,524
Fried Indian Sandwich,242
Crispy Italian Pasta,955
Rustic Mexican Sushi,701
Savory French Sandwich,712
Crispy Middle Eastern Biryani,188
Spicy Turkish Paella,247
Rustic Lebanese Biryani,312
Rustic Italian Salad,410
Zesty Middle Eastern BBQ,586
Smoky Italian Wrap,988
Rich Spanish Risotto,637
Rustic Italian Grill,443
Creamy French Curry,167
Hot Brazilian Tacos,704
Hot Brazilian Pancake,874
Tangy Mediterranean Paella,484
Glazed Brazilian Dumplings,190
Spicy Thai Biryani,106
Spicy Turkish Pizza,519
Glazed Vietnamese Biryani,754
Roasted Greek Sandwich,379
Rich Thai Burger,524
Smoky Indian Waffle,279
Smoky Lebanese BBQ,669
Grilled Greek Curry,573
Glazed Mediterranean Tacos,827
Zesty Mediterranean Lasagna,681
Spicy Turkish Grill,873
Roasted Vietnamese Lasagna,240
Crispy Chinese Sushi,304
Tangy Turkish Tacos,290
Creamy Korean BBQ,952
Rich American Grill,490
Crispy Chinese Curry,396
Rich Vietnamese Pasta,667
Hot Mexican Pancake,602
Hot Greek Soup,143
Icy Japanese Burger,942
Zesty Spanish Tacos,946
Icy Thai Curry,409
Glazed Indian BBQ,954
Herbed Brazilian Biryani,699
Smoky Moroccan Soup,411
Zesty Japanese Pasta,605
Zesty Chinese Steak,672
Hot Indian BBQ,857
Marinated Indian BBQ,574
Steamed Turkish BBQ,329
Glazed Turkish Soup,127
Sweet Indian Paella,910
Fried Greek Salad,102
Rich Thai Tacos,257
Herbed Mediterranean Sandwich,368
Rustic Thai Wrap,407
Grilled Korean Pizza,755
Rich Middle Eastern Sandwich,954
Fresh Chinese Lasagna,751
Tangy Turkish Steak,583
Crispy Lebanese Pasta,227
Rich Middle Eastern Burger,769
Savory Moroccan BBQ,781
Spicy Greek Dumplings,394
Spicy Mediterranean Biryani,527
Savory Spanish Pasta,283
Herbed Argentinian Tacos,603
Zesty Mediterranean Soup,804
Icy Lebanese Pizza,760
Roasted Argentinian Biryani,350
Rustic Spanish Curry,129
Fresh Greek Salad,222
Smoky Caribbean BBQ,883
Zesty Moroccan Curry,383
Zesty American Dumplings,604
Roasted Turkish Soup,168
Crispy Mediterranean BBQ,713
Savory Mexican Steak,863
Crispy American Biryani,470
Fresh Greek Steak,695
Hot Mediterranean Soup,592
Fresh Middle Eastern Pizza,679
Steamed Chinese Waffle,546
Rustic Indian BBQ,989
Spicy French Sushi,364
Smoky American BBQ,743
Spicy Lebanese Pancake,802
Marinated Chinese Tacos,587
Tangy Brazilian Pancake,810
Sweet Argentinian Pancake,937
Icy Chinese Burger,222
Savory American Lasagna,482
Spicy Greek Sandwich,624
Steamed Thai Waffle,850
Sweet Korean Pizza,689
Herbed Caribbean Lasagna,117
Tangy Vietnamese Lasagna,965
Hot Mexican Steak,365
Herbed Mexican Waffle,266
Tangy Spanish Curry,695
Hot American Risotto,159
Spicy Mexican Sandwich,249
Spicy Turkish Tacos,427
Spicy Mediterranean Wrap,572
Roasted Italian Steak,999
Creamy Caribbean Burger,809
Grilled Greek Grill,238
Fresh Japanese Wrap,465
Rustic Middle Eastern Soup,267
Tangy Middle Eastern Lasagna,154
Zesty Brazilian Burger,379
Smoky Spanish Salad,469
Rustic Korean Lasagna,529
Steamed Turkish Sandwich,751
Smoky Chinese Steak,464
Sweet Middle Eastern Pancake,149
Crispy Turkish Waffle,396
Steamed Argentinian Tacos,398
Grilled Brazilian Salad,642
Rustic Indian Steak,754
Savory Argentinian Waffle,178
Grilled Chinese Steak,626
Rich Chinese Dumplings,298
Sweet Indian Sandwich,884
Zesty Korean Paella,743
Marinated Middle Eastern Steak,287
Steamed Middle Eastern Sandwich,883
Spicy Chinese Waffle,196
Rich Korean Dumplings,713
Creamy Spanish Soup,870
Roasted Italian Pizza,271
Crispy Mediterranean Waffle,656
Marinated Spanish Grill,430
Fresh Japanese Curry,993
Spicy Brazilian Pancake,423
Herbed Brazilian Dumplings,946
Glazed Argentinian Burger,965
Marinated Mediterranean Tacos,801
Glazed Spanish Sandwich,919
Steamed Japanese Pasta,408
Roasted American Soup,377
Crispy Indian Pizza,801
Zesty Middle Eastern Steak,814
Sweet Moroccan Paella,804
Fresh Mediterranean Waffle,471
Hot Vietnamese Pizza,198
Marinated American Burger,647
Hot Lebanese Soup,693
Glazed Mexican Pasta,460
Fried Middle Eastern Burger,943
Crispy Chinese Biryani,247
Savory Chinese Paella,113
Grilled Moroccan Sushi,240
Rustic Caribbean Pasta,630
Crispy Indian Pancake,388
Rich Brazilian Pancake,481
Savory Greek Burger,897
Marinated Moroccan Salad,596
Icy Moroccan Sushi,521
Herbed Lebanese Burger,448
Grilled Vietnamese Pasta,266
Tangy American Steak,204
Herbed Thai Risotto,323
Roasted Mexican Sushi,258
Hot French Soup,615
Grilled American Biryani,326
Fried Argentinian Grill,951
Creamy Moroccan Wrap,292
Hot Middle Eastern Sandwich,914
Fresh Turkish Curry,672
Steamed Italian Curry,728
Smoky Spanish Grill,806
Zesty Brazilian Pancake,951
Fried Mexican Dumplings,638
Rich Korean Curry,966
Fresh Caribbean Pasta,644
Tangy Lebanese Pizza,829
Glazed Middle Eastern Pasta,664
Herbed Brazilian Pizza,819
Spicy Korean Pancake,874
Roasted Argentinian Salad,921
Rich Lebanese Burger,216
Tangy French Steak,527
Rustic Vietnamese Soup,571
Grilled Middle Eastern Wrap,178
Sweet Argentinian Curry,219
Icy Lebanese BBQ,938
Steamed Vietnamese Tacos,234
Roasted Japanese Steak,117
Herbed Thai Dumplings,591
Herbed Vietnamese Risotto,456
Savory Vietnamese Risotto,419
Hot Spanish Soup,807
Sweet Greek Sushi,471
Fried Argentinian Sushi,242
Tangy Vietnamese Steak,936
Zesty Italian Sandwich,552
Steamed Greek Pancake,711
Creamy Greek Pasta,635
Creamy French Pancake,881
Savory Caribbean Grill,450
Smoky Greek Pasta,276
Rustic French Steak,826
Creamy Mexican Wrap,411
Grilled Spanish Curry,129
Grilled Greek Salad,862
Creamy American BBQ,934
Herbed Korean Burger,221
Fresh Korean Pasta,327
Creamy Italian BBQ,231
Sweet Greek Salad,977
Zesty French Pizza,810
Spicy Japanese Waffle,245
Rustic Turkish Steak,804
Grilled Korean Risotto,332
Savory Greek BBQ,414
Spicy Spanish Dumplings,228
Tangy Japanese Risotto,314
Smoky Japanese Paella,233
Fresh Middle Eastern BBQ,180
Herbed Chinese Risotto,535
Crispy Caribbean Curry,807
Smoky Spanish BBQ,881
Tangy Argentinian Curry,902
Smoky Greek Wrap,214
Grilled Caribbean Burger,179
Creamy Indian Waffle,119
Fried Middle Eastern Tacos,893
Creamy Middle Eastern Lasagna,595
Sweet Mexican Biryani,875
Steamed Middle Eastern Salad,541
Icy Argentinian Burger,143
Zesty Spanish Soup,301
Marinated Spanish Sandwich,210
Spicy Brazilian Paella,133
Glazed Chinese Pasta,912
Icy Chinese Salad,775
Spicy French BBQ,625
Herbed Mediterranean Biryani,707
Rustic Thai Sandwich,160
Sweet Greek Wrap,580
Rustic Caribbean Pizza,221
Icy Japanese Curry,359
Spicy Greek Burger,144
Herbed Argentinian Dumplings,167
Creamy Turkish Sushi,408
Marinated Greek Sandwich,783
Steamed Moroccan Steak,110
Icy Korean Sushi,872
Glazed Turkish Dumplings,198
Hot Indian Lasagna,901
Fresh Argentinian Risotto,226
Crispy Brazilian Tacos,716
Crispy Turkish Lasagna,310
Icy French Sandwich,701
Glazed Turkish Biryani,304
Tangy Caribbean Steak,289
Fried Middle Eastern Wrap,786
Savory French Pasta,459
Savory Moroccan Biryani,129
Spicy Brazilian Waffle,192
Steamed Korean Burger,249
Hot Greek Wrap,966
Fresh Indian Waffle,864
Sweet Greek Sandwich,384
Tangy Spanish Wrap,693
Tangy Chinese Waffle,456
Grilled French Pizza,460
Creamy Japanese Steak,264
Savory Brazilian Pancake,975
Zesty Lebanese Salad,612
Fresh Thai Wrap,899
Spicy Japanese Lasagna,846
Spicy Mediterranean Sandwich,727
Icy Caribbean Wrap,347
Crispy Indian Burger,617
Crispy Turkish Tacos,683
Hot Caribbean Pizza,169
Roasted Middle Eastern Tacos,201
Rich Indian Salad,939
Rustic Greek Wrap,692
Steamed Argentinian Sushi,881
Spicy Turkish Steak,114
Roasted Argentinian Pizza,641
Fried Moroccan Pizza,322
Spicy Italian Curry,832
Steamed Brazilian BBQ,296
Rich Mediterranean Dumplings,388
Creamy American Biryani,275
Grilled Indian Sandwich,872
Herbed Vietnamese Curry,650
Smoky Greek Pizza,104
Steamed Caribbean Steak,842
Savory Spanish Dumplings,201
Fried Vietnamese Paella,319
Herbed Mexican Dumplings,616
Fresh Japanese Salad,971
Herbed Spanish Pizza,824
Savory Greek Pizza,586
Fresh Vietnamese Pancake,475
Roasted Korean Pancake,814
Herbed Middle Eastern Pancake,703
Rich American BBQ,289
Creamy Lebanese Biryani,550
Steamed Mediterranean Sushi,789
Icy Japanese Wrap,209
Roasted Lebanese Curry,285
Fresh Indian Burger,954
Herbed French Sushi,463
Roasted French Biryani,488
Fresh Caribbean Soup,534
Icy Indian Wrap,319
Rich Brazilian Sandwich,626
Fresh Indian Risotto,333
Creamy American Pancake,517
Roasted Greek Pancake,215
Fried Moroccan Waffle,879
Sweet Vietnamese Burger,421
Rich Lebanese Pizza,226
Sweet Japanese Lasagna,577
Icy Turkish Steak,212
Glazed American Salad,632
Icy Vietnamese Sushi,239
Roasted Brazilian Dumplings,607
Marinated Argentinian Pasta,880
Herbed Lebanese Tacos,469
Savory Greek Soup,821
Sweet Caribbean Tacos,395
Smoky Mexican Pasta,670
Spicy Mediterranean Sushi,839
Tangy Japanese Salad,141
Herbed Lebanese Waffle,184
Steamed Italian Burger,435
Icy Japanese Steak,605
Marinated Mediterranean BBQ,218
Savory French Wrap,494
Fresh Chinese Dumplings,390
Roasted Indian Grill,567
Fresh Argentinian Curry,714
Herbed Japanese Risotto,853
Sweet Caribbean Curry,419
Zesty Turkish Soup,803
Crispy Thai Pancake,961
Crispy Indian Tacos,554
Roasted American Lasagna,331
Fried French Grill,667
Sweet Korean Curry,517
Smoky Italian Dumplings,397
Herbed Thai Salad,975
Rich Greek Paella,538
Zesty Italian Salad,293
Glazed Vietnamese Curry,977
Sweet Chinese Lasagna,171
Spicy French Tacos,961
Zesty Italian Curry,921
Fresh French Dumplings,587
Glazed Spanish Salad,795
Sweet Brazilian Soup,476
Spicy Thai Lasagna,283
Steamed Vietnamese Sandwich,113
Rich French Risotto,790
Smoky Turkish Wrap,603
Crispy Greek Pizza,788
Spicy Middle Eastern Tacos,207
Steamed Japanese Waffle,505
Crispy Lebanese Wrap,548
Savory Chinese Sushi,635
Marinated Moroccan Pizza,774
Icy French Steak,792
Glazed French Grill,187
Zesty Mexican Biryani,222
Grilled Indian Pasta,246
Herbed Caribbean Biryani,504
Savory Thai Soup,510
Fresh Italian Steak,811
Crispy Japanese Lasagna,704
Crispy Greek Sandwich,204
Marinated Korean Salad,859
Marinated Vietnamese Risotto,272
Steamed Mexican Pancake,166
Herbed Middle Eastern Dumplings,472
Zesty Italian Pasta,303
Zesty Italian Pizza,446
Zesty Korean Grill,305
Smoky Mexican Curry,709
Roasted Middle Eastern Burger,964
Fried Mexican Risotto,513
Rich Japanese Sandwich,225
Zesty Turkish Sandwich,338
Fresh Greek Grill,958
Savory Lebanese Sushi,534
Roasted Korean Pasta,842
Smoky Chinese Risotto,611
food_item_name,calories_per_plate
Chatpata Dosa with Chutney,362
Tangy Dosa Traditional,612
Royal Dosa Deluxe,465
Royal Biryani Classic,624
Authentic Rogan Josh Express,421
Authentic Palak Paneer with Raita,272
Traditional Dal Makhani Traditional,242
Rustic Paratha with Chutney,311
Flavourful Pakora with Chutney,852
Authentic Kadhai Paneer Traditional,461
Homestyle Palak Paneer Traditional,871
Homestyle Butter Chicken Street Style,863
Flavourful Pulao Classic,767
Traditional Malai Kofta Special,191
Creamy Kadhai Paneer Traditional,370
Creamy Dal Makhani Street Style,485
Herbed Kadhai Paneer Street Style,301
Hearty Chole Bhature with Raita,243
Traditional Samosa Classic,878
Fiery Pulao Classic,404
Aromatic Paneer Tikka Traditional,514
Aromatic Pulao Fusion,555
Masaledar Rogan Josh Special,675
Flavourful Idli with Raita,200
Flavourful Paneer Tikka Special,843
Masaledar Pakora Deluxe,456
Flavourful Samosa Traditional,416
Tangy Aloo Gobi Special,328
Royal Paneer Tikka Extra Spicy,181
Tangy Chole Bhature Express,564
Royal Naan Classic,613
Zesty Samosa Traditional,719
Masaledar Butter Chicken Street Style,713
Traditional Pulao Special,405
Herbed Biryani with Chutney,246
Hearty Rogan Josh Fusion,623
Flavourful Samosa Street Style,254
Authentic Malai Kofta Classic,293
Homestyle Idli with Chutney,274
Flavourful Chole Bhature Extra Spicy,162
Savory Chole Bhature Special,213
Tangy Pakora Street Style,377
Rustic Naan Extra Spicy,283
Tangy Pani Puri Special,352
Spicy Korma with Raita,560
Hearty Paneer Tikka Express,531
Exquisite Pani Puri Traditional,852
Flavourful Vada with Raita,795
Savory Paratha Extra Spicy,810
Authentic Rogan Josh with Raita,236
Exquisite Biryani Special,746
Fiery Chole Bhature with Raita,750
Chatpata Naan Fusion,415
Exquisite Idli with Raita,226
Zesty Vada with Chutney,172
Traditional Dal Makhani Special,216
Delectable Paratha Traditional,352
Rich Naan Fusion,811
Savory Kadhai Paneer Traditional,604
Chatpata Pani Puri Express,281
Rustic Kadhai Paneer Express,244
Aromatic Pakora Traditional,489
Tangy Pulao with Raita,275
Exquisite Butter Chicken Express,193
Flavourful Dosa Fusion,622
Flavourful Biryani Street Style,201
Savory Dosa Street Style,322
Authentic Biryani Fusion,737
Herbed Samosa Street Style,593
Hearty Paneer Tikka Traditional,891
Homestyle Rogan Josh Fusion,554
Delectable Korma with Chutney,658
Hearty Malai Kofta Fusion,180
Homestyle Rogan Josh with Raita,541
Savory Idli Deluxe,849
Delectable Paratha with Raita,586
Authentic Malai Kofta Express,326
Zesty Vada Traditional,512
Delectable Samosa Extra Spicy,369
Hearty Naan with Raita,341
Royal Vada Extra Spicy,431
Royal Naan with Chutney,436
Delectable Pani Puri Traditional,606
Savory Pulao Extra Spicy,302
Delectable Vada with Chutney,185
Traditional Butter Chicken Express,778
Creamy Palak Paneer Traditional,784
Traditional Korma Deluxe,781
Rustic Dal Makhani Express,401
Savory Dal Makhani Fusion,812
Hearty Vada Deluxe,452
Spicy Chole Bhature Express,660
Masaledar Paneer Tikka Traditional,571
Chatpata Butter Chicken Extra Spicy,713
Royal Paneer Tikka Classic,640
Royal Korma with Chutney,212
Authentic Pakora Deluxe,239
Zesty Chole Bhature Street Style,436
Delectable Dal Makhani Street Style,542
Savory Dosa Express,290
Hearty Samosa Express,579
Homestyle Paratha with Raita,354
Chatpata Biryani Classic,808
Aromatic Pulao Extra Spicy,688
Zesty Pakora Traditional,405
Delectable Aloo Gobi Fusion,795
Spicy Kadhai Paneer with Raita,706
Traditional Rogan Josh Express,169
Spicy Korma Classic,541
Zesty Naan Fusion,880
Zesty Dosa Special,517
Rustic Palak Paneer Deluxe,641
Masaledar Rogan Josh with Chutney,707
Spicy Kadhai Paneer with Chutney,646
Traditional Paneer Tikka Street Style,502
Herbed Vada Street Style,729
Exquisite Naan Special,664
Masaledar Biryani with Chutney,479
Traditional Paneer Tikka Traditional,547
Chatpata Vada with Raita,426
Exquisite Paneer Tikka Deluxe,334
Tangy Biryani Express,176
Spicy Pulao Street Style,476
Royal Malai Kofta Express,761
Authentic Korma Classic,374
Rich Aloo Gobi with Chutney,180
Aromatic Butter Chicken Classic,437
Delectable Pakora Extra Spicy,209
Exquisite Butter Chicken Extra Spicy,633
Traditional Pakora Traditional,692
Royal Idli Special,516
Rustic Dosa Extra Spicy,748
Exquisite Pakora Traditional,388
Authentic Aloo Gobi Classic,313
Zesty Rogan Josh Express,252
Chatpata Idli with Chutney,403
Flavourful Chole Bhature with Chutney,822
Spicy Vada Deluxe,396
Spicy Pakora with Raita,422
Flavourful Malai Kofta Street Style,696
Fiery Biryani Street Style,207
Herbed Malai Kofta Express,374
Hearty Vada Extra Spicy,739
Royal Dal Makhani with Chutney,547
Fiery Pakora Express,513
Rich Korma Street Style,327
Spicy Samosa Express,330
Authentic Biryani with Raita,392
Zesty Samosa with Raita,756
Aromatic Korma Extra Spicy,475
Traditional Biryani Street Style,864
Flavourful Pulao with Chutney,517
Homestyle Kadhai Paneer with Raita,755
Chatpata Rogan Josh Traditional,178
Rich Malai Kofta Express,870
Delectable Kadhai Paneer Extra Spicy,867
Traditional Samosa Express,510
Aromatic Aloo Gobi Extra Spicy,731
Delectable Kadhai Paneer with Chutney,727
Authentic Samosa with Chutney,295
Masaledar Pulao Extra Spicy,726
Traditional Chole Bhature Special,342
Spicy Naan Traditional,654
Authentic Malai Kofta Fusion,705
Chatpata Malai Kofta Express,466
Flavourful Pani Puri with Raita,329
Flavourful Pakora Special,652
Authentic Dal Makhani Deluxe,188
Aromatic Idli Traditional,242
Royal Dal Makhani Deluxe,207
Chatpata Korma Special,388
Creamy Chole Bhature with Chutney,766
Flavourful Aloo Gobi with Raita,374
Delectable Biryani with Chutney,170
Spicy Malai Kofta Extra Spicy,689
Traditional Korma Traditional,639
Traditional Naan Deluxe,150
Zesty Dal Makhani Extra Spicy,489
Rustic Dal Makhani Classic,778
Royal Chole Bhature Classic,356
Homestyle Rogan Josh with Chutney,283
Exquisite Butter Chicken with Raita,498
Authentic Butter Chicken Classic,884
Delectable Palak Paneer Special,331
Homestyle Samosa Street Style,481
Herbed Pakora Extra Spicy,210
Savory Malai Kofta Fusion,172
Aromatic Pani Puri Classic,301
Herbed Malai Kofta with Chutney,750
Fiery Biryani Express,871
Fiery Dosa Deluxe,295
Chatpata Pani Puri with Raita,263
Rich Kadhai Paneer Classic,688
Rustic Pakora Fusion,523
Royal Pakora Deluxe,224
Fiery Korma with Chutney,532
Masaledar Idli Traditional,871
Creamy Kadhai Paneer Deluxe,828
Spicy Dosa Deluxe,555
Herbed Pakora Express,750
Homestyle Chole Bhature Classic,253
Homestyle Aloo Gobi Special,494
Fiery Paratha Traditional,459
Fiery Idli with Chutney,480
Zesty Korma Special,289
Herbed Palak Paneer Extra Spicy,311
Traditional Malai Kofta with Chutney,899
Zesty Paneer Tikka with Raita,597
Exquisite Korma with Chutney,804
Authentic Rogan Josh Classic,648
Royal Samosa Street Style,814
Spicy Paratha Street Style,474
Hearty Dal Makhani Street Style,328
Fiery Malai Kofta with Chutney,874
Spicy Palak Paneer Classic,725
Hearty Pulao Fusion,860
Flavourful Palak Paneer Special,778
Chatpata Korma Street Style,515
Exquisite Dosa with Chutney,378
Herbed Idli Street Style,831
Spicy Samosa Extra Spicy,753
Rustic Dosa with Raita,329
Spicy Chole Bhature Extra Spicy,537
Aromatic Pulao Street Style,464
Delectable Malai Kofta Deluxe,855
Fiery Dosa Extra Spicy,451
Herbed Rogan Josh with Raita,280
Royal Pani Puri Classic,331
Delectable Rogan Josh Street Style,896
Spicy Kadhai Paneer Fusion,151
Savory Malai Kofta Special,868
Fiery Samosa Street Style,736
Hearty Dal Makhani Fusion,550
Spicy Aloo Gobi with Raita,731
Homestyle Chole Bhature Deluxe,183
Aromatic Kadhai Paneer Fusion,336
Royal Dal Makhani Street Style,766
Rustic Butter Chicken Traditional,475
Herbed Naan Deluxe,776
Herbed Pulao Special,376
Aromatic Aloo Gobi with Raita,804
Traditional Vada Fusion,729
Savory Idli Fusion,256
Exquisite Kadhai Paneer Classic,658
Creamy Kadhai Paneer with Chutney,294
Royal Paneer Tikka with Raita,489
Masaledar Butter Chicken Traditional,229
Aromatic Palak Paneer Express,393
Royal Paratha Classic,505
Hearty Korma Street Style,477
Savory Kadhai Paneer Extra Spicy,321
Tangy Paneer Tikka Street Style,801
Fiery Aloo Gobi Traditional,240
Zesty Pakora Street Style,875
Rich Pulao Express,836
Traditional Aloo Gobi Classic,804
Masaledar Samosa Classic,896
Authentic Butter Chicken Express,493
Traditional Naan Express,607
Hearty Aloo Gobi Classic,161
Creamy Korma Special,421
Creamy Pani Puri Extra Spicy,364
Fiery Pulao with Chutney,405
Rustic Dal Makhani Special,859
Rustic Butter Chicken Classic,219
Creamy Butter Chicken Special,508
Homestyle Malai Kofta Street Style,412
Royal Vada Street Style,260
Zesty Pani Puri Express,887
Savory Biryani with Raita,151
Herbed Rogan Josh with Chutney,199
Chatpata Malai Kofta Fusion,545
Savory Dal Makhani Deluxe,598
Masaledar Rogan Josh Fusion,900
Homestyle Pani Puri Street Style,579
Exquisite Pani Puri Street Style,320
Homestyle Vada Traditional,573
Rustic Vada with Chutney,654
Herbed Samosa Express,537
Tangy Pani Puri Street Style,509
Delectable Pakora with Raita,709
Delectable Palak Paneer Express,534
Rich Vada Classic,253
Royal Dosa with Chutney,640
Savory Idli with Raita,741
Fiery Malai Kofta Express,816
Aromatic Korma Street Style,853
Tangy Paratha Express,380
Fiery Dal Makhani Express,316
Hearty Paneer Tikka with Chutney,612
Spicy Idli Extra Spicy,225
Spicy Butter Chicken with Chutney,184
Delectable Kadhai Paneer Special,451
Zesty Naan with Chutney,170
Aromatic Naan Extra Spicy,476
Chatpata Dosa Fusion,417
Chatpata Malai Kofta with Raita,257
Fiery Malai Kofta Fusion,225
Zesty Palak Paneer Deluxe,500
Traditional Pani Puri Deluxe,324
Chatpata Vada Traditional,534
Rich Pulao Extra Spicy,314
Zesty Dosa Fusion,899
Spicy Idli Street Style,226
Homestyle Chole Bhature Special,710
Masaledar Chole Bhature with Raita,245
Chatpata Naan Deluxe,496
Fiery Pakora Special,758
Aromatic Dosa Express,778
Chatpata Dal Makhani Extra Spicy,644
Chatpata Pani Puri Classic,871
Hearty Biryani Fusion,181
Masaledar Korma Extra Spicy,591
Homestyle Palak Paneer with Chutney,819
Fiery Palak Paneer with Raita,318
Aromatic Idli Express,771
Exquisite Paneer Tikka Special,594
Exquisite Paratha Classic,310
Aromatic Dal Makhani Classic,204
Fiery Aloo Gobi Deluxe,253
Hearty Kadhai Paneer Deluxe,489
Fiery Kadhai Paneer Special,360
Masaledar Naan Extra Spicy,344
Traditional Paratha Street Style,569
Royal Aloo Gobi Classic,863
Masaledar Paratha Extra Spicy,717
Savory Palak Paneer with Chutney,889
Rich Idli Extra Spicy,897
Zesty Samosa Express,703
Homestyle Pulao Street Style,421
Spicy Vada Classic,826
Chatpata Kadhai Paneer Extra Spicy,438
Aromatic Pakora Classic,454
Delectable Dosa Fusion,393
Masaledar Vada Fusion,248
Spicy Naan Special,200
Herbed Paneer Tikka with Raita,552
Chatpata Pani Puri Extra Spicy,735
Fiery Malai Kofta Special,712
Zesty Malai Kofta Traditional,652
Creamy Pani Puri Express,307
Spicy Biryani Deluxe,205
Rich Dosa Fusion,519
Savory Naan Deluxe,153
Delectable Palak Paneer with Chutney,587
Royal Palak Paneer with Raita,239
Flavourful Samosa Special,451
Hearty Aloo Gobi Express,827
Savory Malai Kofta Classic,790
Traditional Korma Street Style,764
Fiery Paneer Tikka Classic,641
Rustic Pani Puri Traditional,354
Flavourful Dal Makhani Extra Spicy,249
Rich Paratha Traditional,176
Exquisite Chole Bhature Street Style,361
Creamy Idli Fusion,324
Chatpata Biryani Deluxe,803
Rich Paneer Tikka with Chutney,448
Hearty Pani Puri with Chutney,233
Exquisite Naan with Chutney,634
Traditional Pakora Street Style,268
Herbed Dosa Street Style,465
Flavourful Dosa Traditional,557
Traditional Idli Classic,632
Homestyle Kadhai Paneer Special,650
Herbed Paratha Traditional,826
Savory Butter Chicken Traditional,421
Delectable Pakora Classic,243
Royal Idli Deluxe,807
Fiery Vada Fusion,707
Delectable Aloo Gobi Street Style,546
Tangy Malai Kofta Fusion,339
Aromatic Rogan Josh Fusion,529
Tangy Rogan Josh Extra Spicy,540
Rustic Dosa Traditional,528
Masaledar Biryani with Raita,341
Authentic Idli Deluxe,606
Fiery Paneer Tikka Deluxe,195
Royal Korma Deluxe,419
Exquisite Dal Makhani Street Style,600
Homestyle Paratha Classic,626
Fiery Rogan Josh Classic,419
Traditional Aloo Gobi Traditional,381
Masaledar Dal Makhani Express,425
Tangy Malai Kofta Extra Spicy,727
Exquisite Pakora Deluxe,213
Aromatic Rogan Josh Street Style,304
Hearty Idli Fusion,863
Delectable Rogan Josh Fusion,833
Rich Pakora with Chutney,249
Rich Biryani Deluxe,237
Exquisite Malai Kofta with Raita,834
Rich Rogan Josh Express,502
Hearty Dosa Fusion,704
Royal Vada Traditional,573
Fiery Vada Classic,753
Hearty Dal Makhani Deluxe,382
Royal Biryani with Chutney,716
Delectable Naan Fusion,212
Spicy Butter Chicken Classic,546
Masaledar Aloo Gobi Special,685
Savory Pani Puri Express,578
Tangy Pulao Street Style,698
Royal Naan Deluxe,853
Royal Korma Classic,636
Fiery Pulao Extra Spicy,736
Rich Dosa Street Style,391
Flavourful Vada Deluxe,637
Traditional Palak Paneer Extra Spicy,456
Spicy Paneer Tikka Fusion,230
Zesty Pakora Special,554
Savory Aloo Gobi Extra Spicy,881
Rustic Korma with Chutney,185
Herbed Biryani Extra Spicy,664
Authentic Kadhai Paneer Street Style,734
Rich Dosa Special,679
Aromatic Pakora Express,735
Aromatic Naan Express,843
Rich Kadhai Paneer Deluxe,785
Spicy Vada Traditional,300
Aromatic Palak Paneer Special,273
Fiery Rogan Josh Traditional,609
Herbed Korma with Raita,327
Homestyle Pulao Express,321
Zesty Dosa with Raita,366
Spicy Pulao Traditional,347
Fiery Paneer Tikka Traditional,279
Hearty Palak Paneer Express,193
Spicy Pani Puri Extra Spicy,583
Royal Dal Makhani Classic,230
Savory Rogan Josh Deluxe,849
Fiery Rogan Josh Fusion,595
Delectable Malai Kofta Classic,356
Homestyle Palak Paneer Street Style,792
Aromatic Rogan Josh with Chutney,301
Traditional Vada Street Style,759
Zesty Aloo Gobi with Chutney,414
Chatpata Korma Deluxe,477
Hearty Dosa Extra Spicy,894
Traditional Dal Makhani Extra Spicy,218
Traditional Malai Kofta Street Style,239
Savory Pani Puri Special,547
Delectable Naan Street Style,719
Creamy Malai Kofta Fusion,556
Chatpata Rogan Josh Express,715
Royal Kadhai Paneer Street Style,483
Royal Kadhai Paneer Deluxe,432
Exquisite Korma Deluxe,682
Delectable Paneer Tikka with Raita,619
Creamy Butter Chicken Deluxe,162
Masaledar Malai Kofta with Chutney,867
Tangy Malai Kofta Classic,788
Homestyle Korma Special,751
Tangy Aloo Gobi Fusion,685
Savory Chole Bhature Fusion,579
Flavourful Chole Bhature Special,265
Flavourful Rogan Josh Deluxe,574
Rich Korma Fusion,303
Herbed Chole Bhature Traditional,301
Creamy Biryani Fusion,730
Delectable Dal Makhani Classic,752
Homestyle Dosa Fusion,746
Hearty Rogan Josh Express,252
Chatpata Malai Kofta Special,258
Exquisite Aloo Gobi with Raita,726
Savory Kadhai Paneer Fusion,253
Masaledar Korma Classic,442
Zesty Paratha Classic,698
Traditional Dosa Classic,502
Rich Vada with Raita,570
Rustic Kadhai Paneer with Chutney,420
Zesty Dosa Express,542
Rich Dosa with Raita,820
Flavourful Pulao Express,647
Herbed Biryani Fusion,735
Creamy Paratha Special,773
Spicy Chole Bhature Classic,634
Homestyle Naan Extra Spicy,188
Delectable Pulao with Raita,326
Masaledar Samosa Fusion,432
Aromatic Naan with Chutney,562
Delectable Pulao Deluxe,297
Traditional Pani Puri Express,783
Spicy Dosa Special,773
Traditional Naan with Chutney,847
Flavourful Paneer Tikka Classic,860
Homestyle Butter Chicken Special,561
Aromatic Paneer Tikka Fusion,189
Flavourful Dosa Classic,555
Exquisite Aloo Gobi Deluxe,489
Hearty Pulao Extra Spicy,857
Herbed Paratha Classic,393
Royal Samosa Classic,200
Creamy Vada Fusion,636
Masaledar Chole Bhature Classic,425
Tangy Paneer Tikka Special,531
Authentic Naan with Chutney,170
Fiery Pani Puri with Raita,495
Rustic Samosa Classic,460
Traditional Malai Kofta Deluxe,468
Tangy Palak Paneer Deluxe,437
Tangy Naan Express,653
Exquisite Palak Paneer Extra Spicy,862
Tangy Kadhai Paneer Express,851
Savory Malai Kofta with Raita,250
Creamy Korma with Chutney,383
Delectable Paratha with Chutney,287
Homestyle Paneer Tikka Deluxe,457
Rustic Pani Puri Special,603
Fiery Korma Extra Spicy,478
Royal Pani Puri with Raita,425
Herbed Idli Express,896
Exquisite Malai Kofta Special,576
Creamy Kadhai Paneer Express,769
Herbed Dal Makhani with Raita,811
Zesty Dal Makhani with Raita,241
Delectable Dal Makhani Deluxe,342
Hearty Dosa Traditional,602
Zesty Chole Bhature Fusion,366
Royal Chole Bhature Street Style,566
Traditional Aloo Gobi Extra Spicy,646
Rich Palak Paneer Extra Spicy,678
Delectable Dal Makhani Express,532
Spicy Kadhai Paneer Express,207
Aromatic Korma Traditional,677
Homestyle Pulao Fusion,312
Authentic Vada Traditional,217
Tangy Pani Puri Fusion,468
Rustic Dal Makhani Traditional,876
Rich Dosa Express,668
Hearty Butter Chicken Fusion,563
Traditional Pani Puri Fusion,288
Rich Kadhai Paneer with Chutney,686
Hearty Paneer Tikka with Raita,732
Rich Rogan Josh with Chutney,179
Masaledar Pulao Express,327
Royal Dal Makhani Fusion,347
Savory Pakora Traditional,355
Traditional Kadhai Paneer Street Style,209
Zesty Pulao Special,405
Tangy Kadhai Paneer Classic,183
Creamy Palak Paneer Fusion,617
Creamy Pani Puri Street Style,201
Masaledar Paneer Tikka Classic,519
Fiery Rogan Josh with Raita,871
Spicy Pulao with Raita,353
Zesty Biryani Street Style,430
Hearty Korma Traditional,527
Spicy Korma Express,625
Traditional Paratha Fusion,667
Traditional Dosa Express,556
Spicy Rogan Josh Deluxe,800
Herbed Dosa Traditional,276
Fiery Korma with Raita,847
Flavourful Naan Fusion,181
Tangy Paratha with Raita,397
Rustic Dosa Classic,531
Delectable Pulao Special,650
Rustic Pakora Special,758
Herbed Butter Chicken with Chutney,606
Creamy Malai Kofta Street Style,331
Authentic Pani Puri with Chutney,635
Aromatic Pani Puri Fusion,750
Tangy Rogan Josh Deluxe,714
Fiery Kadhai Paneer Deluxe,508
Creamy Dal Makhani Fusion,502
Tangy Paneer Tikka Traditional,317
Aromatic Pakora Fusion,414
Aromatic Dal Makhani with Chutney,855
Royal Malai Kofta Deluxe,242
Aromatic Paratha Classic,441
Hearty Butter Chicken Street Style,178
Rich Idli Express,545
Exquisite Paneer Tikka Traditional,200
Masaledar Naan Express,316
Flavourful Pakora Deluxe,735
Rustic Paratha Special,369
Chatpata Chole Bhature Classic,376
Flavourful Vada with Chutney,812
Flavourful Paneer Tikka Deluxe,380
Rich Biryani Special,843
Masaledar Pani Puri Fusion,361
Rustic Vada with Raita,425
Fiery Vada with Chutney,817
Flavourful Paratha Special,569
Exquisite Chole Bhature with Chutney,675
Flavourful Palak Paneer Traditional,170
Chatpata Naan Express,848
Flavourful Butter Chicken Traditional,159
Flavourful Kadhai Paneer Traditional,635
Rich Vada with Chutney,285
Royal Pani Puri Special,812
Flavourful Pakora Express,327
Savory Aloo Gobi with Chutney,765
Tangy Dal Makhani Traditional,158
Traditional Pani Puri Special,379
Authentic Palak Paneer Express,408
Fiery Pakora Extra Spicy,772
Royal Malai Kofta Classic,462
Zesty Paneer Tikka Special,879
Fiery Aloo Gobi Special,876
Creamy Biryani Express,808
Creamy Rogan Josh Classic,431
Royal Palak Paneer with Chutney,583
Chatpata Dosa Traditional,535
Rustic Chole Bhature Deluxe,507
Exquisite Butter Chicken Deluxe,620
Flavourful Vada Special,408
Rustic Naan Traditional,373
Savory Paneer Tikka with Chutney,627
Rustic Naan with Chutney,459
Hearty Paratha Fusion,843
Delectable Malai Kofta Extra Spicy,683
Royal Aloo Gobi Street Style,788
Aromatic Chole Bhature Express,556
Flavourful Kadhai Paneer Express,748
Hearty Pakora Traditional,254
Royal Pani Puri Fusion,157
Tangy Malai Kofta Special,673
Tangy Korma Express,828
Masaledar Dal Makhani Extra Spicy,533
Spicy Pulao Extra Spicy,724
Royal Naan Express,812
Authentic Malai Kofta with Raita,758
Savory Dosa Extra Spicy,773
Rustic Pakora Express,439
Delectable Aloo Gobi with Raita,455
Rich Aloo Gobi Extra Spicy,850
Delectable Korma with Raita,260
Traditional Butter Chicken Fusion,643
Flavourful Rogan Josh Extra Spicy,215
Rich Vada Express,494
Aromatic Biryani Classic,433
Rustic Chole Bhature Fusion,805
Savory Biryani Deluxe,482
Homestyle Dal Makhani Special,433
Traditional Korma with Raita,417
Tangy Dosa Street Style,821
Aromatic Paratha with Raita,878
Masaledar Paratha Express,817
Herbed Biryani Deluxe,455
Savory Dal Makhani Special,342
Zesty Malai Kofta Fusion,303
Chatpata Kadhai Paneer with Raita,679
Flavourful Paneer Tikka Extra Spicy,396
Hearty Paratha with Raita,208
Zesty Pulao Street Style,764
Hearty Aloo Gobi Extra Spicy,563
Chatpata Dal Makhani Classic,826
Creamy Pulao Street Style,477
Delectable Palak Paneer Deluxe,847
Hearty Dal Makhani Classic,293
Spicy Vada Extra Spicy,888
Fiery Chole Bhature Traditional,176
Spicy Aloo Gobi Deluxe,821
Tangy Pani Puri with Chutney,659
Authentic Chole Bhature Extra Spicy,452
Rustic Dal Makhani with Raita,415
Fiery Butter Chicken Extra Spicy,578
Exquisite Pani Puri with Chutney,564
Fiery Malai Kofta Extra Spicy,547
Flavourful Palak Paneer Fusion,186
Aromatic Kadhai Paneer with Chutney,747
Spicy Idli Fusion,875
Hearty Samosa Traditional,735
Authentic Aloo Gobi Street Style,344
Chatpata Pakora Fusion,501
Fiery Pulao Fusion,893
Savory Samosa Deluxe,880
Chatpata Palak Paneer Special,377
Masaledar Idli Special,852
Royal Kadhai Paneer Traditional,697
Rustic Biryani with Chutney,803
Rich Samosa Special,637
Fiery Naan Express,837
Creamy Rogan Josh Deluxe,517
Flavourful Paratha Classic,669
Flavourful Samosa with Chutney,457
Authentic Pani Puri Traditional,324
Tangy Vada Fusion,823
Rustic Paratha Fusion,721
Zesty Palak Paneer Special,335
Aromatic Malai Kofta Street Style,450
Homestyle Paratha Special,249
Herbed Dosa with Chutney,632
Traditional Aloo Gobi Fusion,281
Herbed Kadhai Paneer Traditional,414
Zesty Pakora Deluxe,892
Fiery Pulao with Raita,722
Royal Aloo Gobi Fusion,337
Spicy Dosa Fusion,846
Homestyle Dal Makhani with Raita,493
Hearty Butter Chicken with Raita,820
Zesty Paratha with Raita,241
Exquisite Chole Bhature Deluxe,377
Tangy Biryani with Raita,513
Royal Dosa Classic,378
Spicy Korma Street Style,464
Traditional Dosa Special,580
Masaledar Paneer Tikka Extra Spicy,489
Rich Naan Extra Spicy,530
Masaledar Chole Bhature Special,416
Fiery Dal Makhani with Raita,749
Exquisite Pakora Special,451
Herbed Pulao Street Style,624
Rich Dosa Traditional,270
Authentic Dal Makhani Classic,631
Fiery Vada Deluxe,204
Authentic Butter Chicken Fusion,799
Chatpata Paneer Tikka Special,747
Royal Malai Kofta Street Style,744
Tangy Rogan Josh Special,785
Masaledar Aloo Gobi Street Style,222
Zesty Pulao Traditional,633
Royal Dosa with Raita,349
Fiery Pani Puri Extra Spicy,662
Authentic Vada Fusion,272
Zesty Samosa Deluxe,847
Spicy Dal Makhani Express,540
Homestyle Dal Makhani Classic,692
Hearty Paratha Classic,455
Herbed Palak Paneer Traditional,573
Tangy Pulao Classic,205
Homestyle Idli Special,304
Masaledar Butter Chicken Extra Spicy,290
Chatpata Biryani Street Style,355
Exquisite Kadhai Paneer Deluxe,500
Tangy Pulao Deluxe,569
Exquisite Pakora with Chutney,733
Herbed Chole Bhature Express,618
Rustic Paneer Tikka Extra Spicy,296
Royal Butter Chicken Deluxe,473
Aromatic Kadhai Paneer Traditional,882
Royal Aloo Gobi with Raita,334
Homestyle Pani Puri Extra Spicy,232
Masaledar Paneer Tikka Deluxe,649
Authentic Pakora Special,490
Herbed Palak Paneer with Raita,796
Exquisite Pulao Traditional,331
Fiery Butter Chicken Special,470
Royal Palak Paneer Deluxe,799
Tangy Chole Bhature Fusion,209
Chatpata Malai Kofta Traditional,154
Delectable Rogan Josh Extra Spicy,612
Rustic Pulao with Chutney,430
Rustic Butter Chicken with Raita,364
Delectable Pani Puri Express,322
Traditional Korma with Chutney,740
Savory Vada Extra Spicy,312
Hearty Dal Makhani with Chutney,651
Delectable Idli Express,240
Creamy Butter Chicken Extra Spicy,282
Herbed Biryani Special,779
Masaledar Chole Bhature Fusion,594
Rustic Naan Special,798
Tangy Butter Chicken Extra Spicy,589
Spicy Pulao Classic,563
Aromatic Pani Puri Deluxe,589
Exquisite Biryani Classic,638
Herbed Samosa Special,542
Homestyle Dal Makhani Deluxe,154
Masaledar Aloo Gobi Deluxe,188
Herbed Pulao with Raita,696
Masaledar Dal Makhani Deluxe,354
Homestyle Pani Puri with Raita,898
Fiery Pulao Express,532
Hearty Pulao Express,164
Homestyle Malai Kofta with Chutney,479
Fiery Pani Puri Classic,693
Homestyle Biryani Deluxe,345
Authentic Malai Kofta Deluxe,168
Authentic Butter Chicken with Chutney,842
Traditional Palak Paneer Fusion,154
Fiery Rogan Josh Deluxe,791
Fiery Kadhai Paneer with Chutney,404
Exquisite Idli Classic,381
Savory Pani Puri Fusion,860
Rich Malai Kofta Deluxe,502
Spicy Pakora Special,469
Hearty Pani Puri Special,282
Creamy Butter Chicken Express,255
Herbed Idli Deluxe,542
Fiery Samosa Traditional,665
Savory Pani Puri Traditional,752
Hearty Palak Paneer Traditional,463
Masaledar Malai Kofta Deluxe,321
Homestyle Pakora Special,216
Delectable Vada Special,196
Chatpata Paratha Express,455
Spicy Dal Makhani Extra Spicy,447
Fiery Chole Bhature Classic,616
Hearty Samosa with Chutney,895
Creamy Chole Bhature Fusion,682
Hearty Paratha Deluxe,760
Savory Chole Bhature Extra Spicy,686
Masaledar Chole Bhature Deluxe,495
Spicy Biryani Extra Spicy,594
Delectable Pulao with Chutney,853
Masaledar Biryani Fusion,287
Chatpata Chole Bhature Street Style,500
Tangy Rogan Josh with Raita,651
Rich Paneer Tikka Special,517
Creamy Idli Street Style,342
Flavourful Palak Paneer Extra Spicy,318
Chatpata Dosa Extra Spicy,563
Masaledar Chole Bhature Traditional,169
Aromatic Rogan Josh Traditional,383
Rich Samosa Traditional,379
Fiery Paneer Tikka Special,894
Herbed Butter Chicken Fusion,284
Hearty Chole Bhature Express,366
Flavourful Paneer Tikka with Raita,172
Aromatic Dal Makhani Deluxe,753
Tangy Chole Bhature Classic,666
Herbed Vada Extra Spicy,323
Masaledar Korma Special,276
Aromatic Kadhai Paneer Deluxe,525
Flavourful Pani Puri with Chutney,878
Creamy Paneer Tikka Street Style,816
Chatpata Vada Special,188
Authentic Naan Express,534
Fiery Dal Makhani Deluxe,805
Spicy Kadhai Paneer Deluxe,411
Hearty Dosa Deluxe,697
Tangy Palak Paneer with Raita,788
Fiery Butter Chicken with Raita,199
Tangy Pani Puri with Raita,758
Fiery Aloo Gobi Express,199
Savory Paratha Classic,827
Creamy Pakora Traditional,260
Rich Biryani Classic,819
Fiery Kadhai Paneer Classic,170
Masaledar Pakora with Chutney,199
Spicy Idli Deluxe,856
Delectable Chole Bhature Classic,268
Royal Pulao Fusion,576
Chatpata Korma with Chutney,604
Exquisite Paneer Tikka with Chutney,539
Zesty Pani Puri Classic,276
Hearty Rogan Josh Special,710
Aromatic Samosa Express,408
Traditional Pakora Classic,635
Spicy Butter Chicken Fusion,868
Flavourful Malai Kofta Classic,306
Fiery Samosa Special,360
Royal Butter Chicken with Chutney,861
Herbed Pakora Fusion,852
Authentic Paneer Tikka Extra Spicy,795
Aromatic Pani Puri with Chutney,159
Savory Korma Classic,458
Fiery Samosa with Chutney,580
Flavourful Korma Traditional,827
Masaledar Pulao with Chutney,253
Rich Biryani Express,828
Creamy Samosa Fusion,682
Aromatic Malai Kofta Fusion,426
Creamy Aloo Gobi Street Style,787
Masaledar Rogan Josh Extra Spicy,770
Rich Paratha Special,867
Savory Malai Kofta with Chutney,290
Chatpata Dal Makhani Deluxe,578
Herbed Rogan Josh Traditional,257
Rich Chole Bhature with Raita,673
Exquisite Kadhai Paneer with Chutney,886
Flavourful Kadhai Paneer Extra Spicy,782
Rich Naan with Chutney,270
Hearty Vada Express,439
Herbed Pulao Traditional,266
Fiery Idli Extra Spicy,258
Royal Pani Puri Express,659
Exquisite Korma Classic,353
Aromatic Rogan Josh Express,773
Exquisite Rogan Josh with Raita,354
Creamy Paratha Classic,419
Authentic Idli Express,685
Chatpata Chole Bhature with Raita,356
Chatpata Pulao Deluxe,516
Masaledar Paratha Traditional,870
Masaledar Pulao Deluxe,569
Hearty Chole Bhature Street Style,452
Hearty Aloo Gobi Traditional,314
Herbed Butter Chicken Express,190
Hearty Malai Kofta Special,711
Savory Aloo Gobi Fusion,658
Homestyle Naan Deluxe,362
Zesty Naan Special,854
Royal Naan Street Style,642
Royal Butter Chicken Special,488
Flavourful Dosa Express,390
Exquisite Butter Chicken Fusion,152
Exquisite Malai Kofta Street Style,163
Savory Palak Paneer Deluxe,837
Herbed Butter Chicken with Raita,241
Rich Naan Traditional,263
Tangy Samosa Street Style,737
Tangy Idli Extra Spicy,835
Spicy Vada with Chutney,655
Savory Pulao Deluxe,302
Homestyle Kadhai Paneer Express,242
Royal Dosa Fusion,673
Rustic Biryani Deluxe,226
Tangy Dal Makhani Express,890
Rich Biryani with Chutney,890
Traditional Chole Bhature Fusion,253
Chatpata Idli Deluxe,412
Traditional Rogan Josh with Chutney,809
Masaledar Palak Paneer Classic,386
Flavourful Samosa Extra Spicy,617
Chatpata Aloo Gobi Deluxe,453
Hearty Pani Puri Street Style,420
Rich Palak Paneer Fusion,625
Creamy Paratha Fusion,201
Fiery Vada Street Style,252
Savory Naan Fusion,328
Savory Pani Puri Extra Spicy,190
Creamy Pulao Express,447
Chatpata Paneer Tikka Fusion,518
Rich Aloo Gobi Street Style,843
Spicy Pakora Extra Spicy,470
Homestyle Butter Chicken with Raita,586
Creamy Idli Deluxe,268
Herbed Dosa Deluxe,247
Rich Butter Chicken Traditional,196
Hearty Naan Extra Spicy,159
Chatpata Pulao with Chutney,291
Hearty Chole Bhature Traditional,829
Hearty Aloo Gobi Street Style,812
Hearty Naan Express,324
Traditional Paneer Tikka Deluxe,486
Flavourful Aloo Gobi Street Style,516
Homestyle Dosa Classic,598
Authentic Chole Bhature Deluxe,786
Savory Aloo Gobi Traditional,424
Zesty Idli Special,900
Savory Samosa Extra Spicy,245
Masaledar Vada Street Style,531
Zesty Idli Street Style,500
Delectable Aloo Gobi Express,337
Herbed Pani Puri Fusion,266
Traditional Butter Chicken Street Style,560
Tangy Pani Puri Classic,559
Rich Idli with Raita,617
Homestyle Palak Paneer Express,428
Homestyle Dosa Express,544
Fiery Paratha Express,856
Spicy Kadhai Paneer Street Style,639
Traditional Butter Chicken with Chutney,581
Royal Idli with Raita,814
Creamy Biryani Street Style,320
Spicy Pakora Traditional,265
Rich Pulao Deluxe,285
Fiery Chole Bhature Street Style,862
Herbed Pulao Fusion,893
Zesty Vada Fusion,210
Chatpata Dosa Deluxe,313
Herbed Malai Kofta Extra Spicy,256
Flavourful Paneer Tikka with Chutney,576
Masaledar Kadhai Paneer Fusion,754
Rich Idli Classic,644
Savory Korma with Raita,732
Creamy Palak Paneer Street Style,844
Exquisite Pulao Deluxe,598
Savory Pulao Traditional,335
Zesty Pulao Fusion,775
Royal Rogan Josh Special,538
Hearty Idli Extra Spicy,517
Spicy Samosa Fusion,776
Spicy Samosa Classic,179
Hearty Vada Classic,850
Flavourful Korma Fusion,894
Savory Pulao with Raita,283
Delectable Dosa Traditional,644
Exquisite Dal Makhani Classic,649
Savory Pakora Express,265
Rustic Palak Paneer with Raita,571
Hearty Biryani Street Style,601
Rich Dal Makhani with Raita,197
Authentic Biryani Street Style,214
Herbed Pani Puri Extra Spicy,417
Herbed Pakora Street Style,820
Fiery Palak Paneer Traditional,471
Homestyle Butter Chicken Express,162
Spicy Paneer Tikka Special,871
Exquisite Dal Makhani Express,844
Herbed Chole Bhature with Raita,687
Authentic Paneer Tikka Street Style,740
Zesty Pani Puri with Chutney,891
Spicy Biryani Express,728
Fiery Paratha with Raita,379
Aromatic Rogan Josh with Raita,835
Spicy Paneer Tikka Express,496
Tangy Idli Street Style,681
Aromatic Vada Extra Spicy,685
Exquisite Palak Paneer Deluxe,854
Spicy Pulao Deluxe,867
Royal Palak Paneer Street Style,783
Creamy Kadhai Paneer Fusion,247
Traditional Kadhai Paneer Special,593
Spicy Vada Express,827
Aromatic Naan with Raita,894
